{
    "completed": 709,
    "total_time": 120.03971974097658,
    "total_input": 1081734,
    "total_output": 48852,
    "request_throughput": 5.906378334853583,
    "input_throughput": 9011.467223800431,
    "output_throughput": 406.96529536568016,
    "mean_ttft_ms": 5870.179606218854,
    "p50_ttft_ms": 4356.183222029358,
    "p75_ttft_ms": 9967.81944599934,
    "p95_ttft_ms": 16175.069544569124,
    "p99_ttft_ms": 19319.879016655002,
    "std_ttft_ms": 5440.4069324461925,
    "mean_tpot_ms": 281.68280718785127,
    "p50_tpot_ms": 251.42780832587897,
    "p75_tpot_ms": 284.073515369008,
    "p95_tpot_ms": 625.5837533284317,
    "p99_tpot_ms": 1501.1265513760204,
    "std_tpot_ms": 284.3473469817456,
    "mean_itl_ms": 230.8216065498864,
    "p50_itl_ms": 56.06569902738556,
    "p75_itl_ms": 169.82276402995922,
    "p95_itl_ms": 636.7028790118638,
    "p99_itl_ms": 2532.204678503331,
    "std_itl_ms": 848.2153152584896,
    "mean_e2e_latency_ms": 22148.729078331355,
    "p50_e2e_latency_ms": 25729.705778998323,
    "errors": [],
    "args": {
        "model": "unsloth/Llama-3.2-1B-Instruct",
        "backend": "vllm",
        "tokenizer": "unsloth/Llama-3.2-1B-Instruct",
        "ccu": 200,
        "host": "127.0.0.1",
        "port": "8000",
        "max_prompt": 5000,
        "min_completion": 80,
        "max_completion": 100,
        "min_cd": 7,
        "max_cd": 14,
        "time": 120,
        "served_model_name": null
    },
    "system": {
        "timestamp": "2025-04-04T22:25:48.299566",
        "hostname": "Shark",
        "os": {
            "system": "Linux",
            "release": "6.13.8-arch1-1",
            "version": "#1 SMP PREEMPT_DYNAMIC Sun, 23 Mar 2025 17:17:30 +0000",
            "machine": "x86_64",
            "linux_distribution": {
                "id": "arch",
                "version": "rolling",
                "version_parts": {
                    "major": "",
                    "minor": "",
                    "build_number": ""
                },
                "like": "",
                "codename": "n/a"
            }
        },
        "cpu": {
            "brand": "AMD Ryzen 5 5600 6-Core Processor",
            "architecture": "X86_64",
            "bits": 64,
            "count_physical": 6,
            "count_logical": 12,
            "frequency_mhz": {
                "current": 4100.696416666667,
                "min": 1750.0,
                "max": 4468.0
            },
            "load_percent": [
                3.0,
                6.0,
                5.0,
                3.0,
                1.0,
                6.1,
                4.0,
                1.0,
                4.0,
                3.0,
                2.0,
                1.0
            ]
        },
        "memory": {
            "total_gib": 31.262229919433594,
            "available_gib": 12.919776916503906,
            "used_gib": 12.440773010253906,
            "free_gib": 1.2808036804199219,
            "percent_used": 58.7,
            "swap": {
                "total_gib": 3.9999961853027344,
                "used_gib": 0.037353515625,
                "free_gib": 3.9626426696777344,
                "percent_used": 0.9
            }
        },
        "disk": {
            "total_gib": 914.8318061828613,
            "used_gib": 438.90632247924805,
            "free_gib": 429.3842430114746,
            "percent_used": 50.5
        },
        "network": {
            "interfaces": {
                "lo": [
                    [
                        2,
                        "127.0.0.1",
                        "255.0.0.0",
                        null,
                        null
                    ],
                    [
                        10,
                        "::1",
                        "ffff:ffff:ffff:ffff:ffff:ffff:ffff:ffff",
                        null,
                        null
                    ],
                    [
                        17,
                        "00:00:00:00:00:00",
                        null,
                        null,
                        null
                    ]
                ],
                "enp2s0f0u2": [
                    [
                        2,
                        "192.168.1.208",
                        "255.255.255.0",
                        "192.168.1.255",
                        null
                    ],
                    [
                        10,
                        "fe80::b064:a6b:42e8:f30a%enp2s0f0u2",
                        "ffff:ffff:ffff:ffff::",
                        null,
                        null
                    ],
                    [
                        17,
                        "00:05:1b:dd:74:5e",
                        null,
                        "ff:ff:ff:ff:ff:ff",
                        null
                    ]
                ],
                "tailscale0": [
                    [
                        2,
                        "100.113.86.78",
                        "255.255.255.255",
                        null,
                        "100.113.86.78"
                    ],
                    [
                        10,
                        "fd7a:115c:a1e0::6f01:564e",
                        "ffff:ffff:ffff:ffff:ffff:ffff:ffff:ffff",
                        null,
                        null
                    ],
                    [
                        10,
                        "fe80::22c5:9e4c:e5a8:5b3f%tailscale0",
                        "ffff:ffff:ffff:ffff::",
                        null,
                        null
                    ]
                ],
                "br-3d12411537e7": [
                    [
                        2,
                        "172.18.0.1",
                        "255.255.0.0",
                        "172.18.255.255",
                        null
                    ],
                    [
                        10,
                        "fe80::501d:f2ff:fe81:ce14%br-3d12411537e7",
                        "ffff:ffff:ffff:ffff::",
                        null,
                        null
                    ],
                    [
                        17,
                        "52:1d:f2:81:ce:14",
                        null,
                        "ff:ff:ff:ff:ff:ff",
                        null
                    ]
                ],
                "docker0": [
                    [
                        2,
                        "172.17.0.1",
                        "255.255.0.0",
                        "172.17.255.255",
                        null
                    ],
                    [
                        10,
                        "fe80::d85b:4eff:fe9c:991c%docker0",
                        "ffff:ffff:ffff:ffff::",
                        null,
                        null
                    ],
                    [
                        17,
                        "da:5b:4e:9c:99:1c",
                        null,
                        "ff:ff:ff:ff:ff:ff",
                        null
                    ]
                ],
                "br-8120fb3e5a75": [
                    [
                        2,
                        "172.19.0.1",
                        "255.255.0.0",
                        "172.19.255.255",
                        null
                    ],
                    [
                        10,
                        "fe80::1011:89ff:fe34:25cf%br-8120fb3e5a75",
                        "ffff:ffff:ffff:ffff::",
                        null,
                        null
                    ],
                    [
                        17,
                        "12:11:89:34:25:cf",
                        null,
                        "ff:ff:ff:ff:ff:ff",
                        null
                    ]
                ],