{
    "completed": 16,
    "total_time": 128.77220331301214,
    "total_input": 29356,
    "total_output": 1161,
    "request_throughput": 0.12425041731333983,
    "input_throughput": 227.96845316565026,
    "output_throughput": 9.015920906299222,
    "mean_ttft_ms": 118.07709925778909,
    "p50_ttft_ms": 156.31182101788,
    "p75_ttft_ms": 168.80368877900764,
    "p95_ttft_ms": 179.17028172814753,
    "p99_ttft_ms": 179.47939636360388,
    "std_ttft_ms": 66.02612972607649,
    "mean_tpot_ms": 7.563163667075595,
    "p50_tpot_ms": 7.5965869881104915,
    "p75_tpot_ms": 7.654395218207589,
    "p95_tpot_ms": 7.827100341496788,
    "p99_tpot_ms": 7.8308353377759214,
    "std_tpot_ms": 0.16689922558930892,
    "mean_itl_ms": 7.618861647343771,
    "p50_itl_ms": 7.503799046389759,
    "p75_itl_ms": 7.830479473341256,
    "p95_itl_ms": 8.581356523791328,
    "p99_itl_ms": 9.322626329958439,
    "std_itl_ms": 0.47388558273283515,
    "mean_e2e_latency_ms": 669.562132381543,
    "p50_e2e_latency_ms": 792.7808640233707,
    "errors": [],
    "args": {
        "model": "unsloth/Llama-3.2-1B-Instruct",
        "backend": "vllm",
        "tokenizer": "unsloth/Llama-3.2-1B-Instruct",
        "ccu": 1,
        "host": "127.0.0.1",
        "port": "8000",
        "max_prompt": 5000,
        "min_completion": 80,
        "max_completion": 100,
        "min_cd": 7,
        "max_cd": 14,
        "time": 120,
        "served_model_name": null
    },
    "system": {
        "timestamp": "2025-04-04T23:37:56.036694",
        "hostname": "Shark",
        "os": {
            "system": "Linux",
            "release": "6.13.8-arch1-1",
            "version": "#1 SMP PREEMPT_DYNAMIC Sun, 23 Mar 2025 17:17:30 +0000",
            "machine": "x86_64",
            "linux_distribution": {
                "id": "arch",
                "version": "rolling",
                "version_parts": {
                    "major": "",
                    "minor": "",
                    "build_number": ""
                },
                "like": "",
                "codename": "n/a"
            }
        },
        "cpu": {
            "brand": "AMD Ryzen 5 5600 6-Core Processor",
            "architecture": "X86_64",
            "bits": 64,
            "count_physical": 6,
            "count_logical": 12,
            "frequency_mhz": {
                "current": 3845.8815,
                "min": 1750.0,
                "max": 4468.0
            },
            "load_percent": [
                3.0,
                3.0,
                4.0,
                1.0,
                3.0,
                14.0,
                4.0,
                5.0,
                3.0,
                3.0,
                2.0,
                3.1
            ]
        },
        "memory": {
            "total_gib": 31.262229919433594,
            "available_gib": 12.74298095703125,
            "used_gib": 12.293098449707031,
            "free_gib": 1.1831779479980469,
            "percent_used": 59.2,
            "swap": {
                "total_gib": 3.9999961853027344,
                "used_gib": 0.0615234375,
                "free_gib": 3.9384727478027344,
                "percent_used": 1.5
            }
        },
        "disk": {
            "total_gib": 914.8318061828613,
            "used_gib": 439.2411766052246,
            "free_gib": 429.04938888549805,
            "percent_used": 50.6
        },
        "network": {
            "interfaces": {
                "lo": [
                    [
                        2,
                        "127.0.0.1",
                        "255.0.0.0",
                        null,
                        null
                    ],
                    [
                        10,
                        "::1",
                        "ffff:ffff:ffff:ffff:ffff:ffff:ffff:ffff",
                        null,
                        null
                    ],
                    [
                        17,
                        "00:00:00:00:00:00",
                        null,
                        null,
                        null
                    ]
                ],
                "enp2s0f0u2": [
                    [
                        2,
                        "192.168.1.208",
                        "255.255.255.0",
                        "192.168.1.255",
                        null
                    ],
                    [
                        10,
                        "fe80::b064:a6b:42e8:f30a%enp2s0f0u2",
                        "ffff:ffff:ffff:ffff::",
                        null,
                        null
                    ],
                    [
                        17,
                        "00:05:1b:dd:74:5e",
                        null,
                        "ff:ff:ff:ff:ff:ff",
                        null
                    ]
                ],
                "tailscale0": [
                    [
                        2,
                        "100.113.86.78",
                        "255.255.255.255",
                        null,
                        "100.113.86.78"
                    ],
                    [
                        10,
                        "fd7a:115c:a1e0::6f01:564e",
                        "ffff:ffff:ffff:ffff:ffff:ffff:ffff:ffff",
                        null,
                        null
                    ],
                    [
                        10,
                        "fe80::22c5:9e4c:e5a8:5b3f%tailscale0",
                        "ffff:ffff:ffff:ffff::",
                        null,
                        null
                    ]
                ],
                "br-3d12411537e7": [
                    [
                        2,
                        "172.18.0.1",
                        "255.255.0.0",
                        "172.18.255.255",
                        null
                    ],
                    [
                        10,
                        "fe80::501d:f2ff:fe81:ce14%br-3d12411537e7",
                        "ffff:ffff:ffff:ffff::",
                        null,
                        null
                    ],
                    [
                        17,
                        "52:1d:f2:81:ce:14",
                        null,
                        "ff:ff:ff:ff:ff:ff",
                        null
                    ]
                ],
                "docker0": [
                    [
                        2,
                        "172.17.0.1",
                        "255.255.0.0",
                        "172.17.255.255",
                        null
                    ],
                    [
                        10,
                        "fe80::d85b:4eff:fe9c:991c%docker0",
                        "ffff:ffff:ffff:ffff::",
                        null,
                        null
                    ],
                    [
                        17,
                        "da:5b:4e:9c:99:1c",
                        null,
                        "ff:ff:ff:ff:ff:ff",
                        null
                    ]
                ],
                "br-8120fb3e5a75": [
                    [
                        2,
                        "172.19.0.1",
                        "255.255.0.0",
                        "172.19.255.255",
                        null
                    ],
                    [
                        10,
                        "fe80::1011:89ff:fe34:25cf%br-8120fb3e5a75",
                        "ffff:ffff:ffff:ffff::",
                        null,
                        null
                    ],
                    [
                        17,
                        "12:11:89:34:25:cf",
                        null,
                        "ff:ff:ff:ff:ff:ff",
                        null
                    ]
                ],