{
    "completed": 15,
    "total_time": 125.62019584496738,
    "total_input": 27308,
    "total_output": 1076,
    "request_throughput": 0.11940755146180528,
    "input_throughput": 217.3854276879319,
    "output_throughput": 8.565501691526832,
    "mean_ttft_ms": 111.42403879590954,
    "p50_ttft_ms": 156.64749703137204,
    "p75_ttft_ms": 165.4107239737641,
    "p95_ttft_ms": 169.5712806249503,
    "p99_ttft_ms": 170.2624561090488,
    "std_ttft_ms": 64.76884665745182,
    "mean_tpot_ms": 7.265676731811469,
    "p50_tpot_ms": 7.2057485057244435,
    "p75_tpot_ms": 7.2920697823882215,
    "p95_tpot_ms": 7.539386555461375,
    "p99_tpot_ms": 7.587721537039412,
    "std_tpot_ms": 0.14287195618055168,
    "mean_itl_ms": 7.321949574993283,
    "p50_itl_ms": 7.229050970636308,
    "p75_itl_ms": 7.300338766071945,
    "p95_itl_ms": 7.790319932973944,
    "p99_itl_ms": 8.821139475330707,
    "std_itl_ms": 0.30819061238639184,
    "mean_e2e_latency_ms": 637.9617113309603,
    "p50_e2e_latency_ms": 765.6056259875186,
    "errors": [],
    "args": {
        "model": "unsloth/Llama-3.2-1B-Instruct",
        "backend": "vllm",
        "tokenizer": "unsloth/Llama-3.2-1B-Instruct",
        "ccu": 1,
        "host": "127.0.0.1",
        "port": "8000",
        "max_prompt": 5000,
        "min_completion": 80,
        "max_completion": 100,
        "min_cd": 7,
        "max_cd": 14,
        "time": 120,
        "served_model_name": null
    },
    "system": {
        "timestamp": "2025-04-04T23:30:45.787610",
        "hostname": "Shark",
        "os": {
            "system": "Linux",
            "release": "6.13.8-arch1-1",
            "version": "#1 SMP PREEMPT_DYNAMIC Sun, 23 Mar 2025 17:17:30 +0000",
            "machine": "x86_64",
            "linux_distribution": {
                "id": "arch",
                "version": "rolling",
                "version_parts": {
                    "major": "",
                    "minor": "",
                    "build_number": ""
                },
                "like": "",
                "codename": "n/a"
            }
        },
        "cpu": {
            "brand": "AMD Ryzen 5 5600 6-Core Processor",
            "architecture": "X86_64",
            "bits": 64,
            "count_physical": 6,
            "count_logical": 12,
            "frequency_mhz": {
                "current": 4092.8403333333335,
                "min": 1750.0,
                "max": 4468.0
            },
            "load_percent": [
                3.0,
                6.0,
                7.1,
                2.0,
                1.0,
                11.9,
                3.0,
                4.0,
                8.9,
                3.0,
                3.0,
                4.0
            ]
        },
        "memory": {
            "total_gib": 31.262229919433594,
            "available_gib": 13.072265625,
            "used_gib": 12.282577514648438,
            "free_gib": 0.4997100830078125,
            "percent_used": 58.2,
            "swap": {
                "total_gib": 3.9999961853027344,
                "used_gib": 0.031982421875,
                "free_gib": 3.9680137634277344,
                "percent_used": 0.8
            }
        },
        "disk": {
            "total_gib": 914.8318061828613,
            "used_gib": 439.21678924560547,
            "free_gib": 429.0737762451172,
            "percent_used": 50.6
        },
        "network": {
            "interfaces": {
                "lo": [
                    [
                        2,
                        "127.0.0.1",
                        "255.0.0.0",
                        null,
                        null
                    ],
                    [
                        10,
                        "::1",
                        "ffff:ffff:ffff:ffff:ffff:ffff:ffff:ffff",
                        null,
                        null
                    ],
                    [
                        17,
                        "00:00:00:00:00:00",
                        null,
                        null,
                        null
                    ]
                ],
                "enp2s0f0u2": [
                    [
                        2,
                        "192.168.1.208",
                        "255.255.255.0",
                        "192.168.1.255",
                        null
                    ],
                    [
                        10,
                        "fe80::b064:a6b:42e8:f30a%enp2s0f0u2",
                        "ffff:ffff:ffff:ffff::",
                        null,
                        null
                    ],
                    [
                        17,
                        "00:05:1b:dd:74:5e",
                        null,
                        "ff:ff:ff:ff:ff:ff",
                        null
                    ]
                ],
                "tailscale0": [
                    [
                        2,
                        "100.113.86.78",
                        "255.255.255.255",
                        null,
                        "100.113.86.78"
                    ],
                    [
                        10,
                        "fd7a:115c:a1e0::6f01:564e",
                        "ffff:ffff:ffff:ffff:ffff:ffff:ffff:ffff",
                        null,
                        null
                    ],
                    [
                        10,
                        "fe80::22c5:9e4c:e5a8:5b3f%tailscale0",
                        "ffff:ffff:ffff:ffff::",
                        null,
                        null
                    ]
                ],
                "br-3d12411537e7": [
                    [
                        2,
                        "172.18.0.1",
                        "255.255.0.0",
                        "172.18.255.255",
                        null
                    ],
                    [
                        10,
                        "fe80::501d:f2ff:fe81:ce14%br-3d12411537e7",
                        "ffff:ffff:ffff:ffff::",
                        null,
                        null
                    ],
                    [
                        17,
                        "52:1d:f2:81:ce:14",
                        null,
                        "ff:ff:ff:ff:ff:ff",
                        null
                    ]
                ],
                "docker0": [
                    [
                        2,
                        "172.17.0.1",
                        "255.255.0.0",
                        "172.17.255.255",
                        null
                    ],
                    [
                        10,
                        "fe80::d85b:4eff:fe9c:991c%docker0",
                        "ffff:ffff:ffff:ffff::",
                        null,
                        null
                    ],
                    [
                        17,
                        "da:5b:4e:9c:99:1c",
                        null,
                        "ff:ff:ff:ff:ff:ff",
                        null
                    ]
                ],
                "br-8120fb3e5a75": [
                    [
                        2,
                        "172.19.0.1",
                        "255.255.0.0",
                        "172.19.255.255",
                        null
                    ],
                    [
                        10,
                        "fe80::1011:89ff:fe34:25cf%br-8120fb3e5a75",
                        "ffff:ffff:ffff:ffff::",
                        null,
                        null
                    ],
                    [
                        17,
                        "12:11:89:34:25:cf",
                        null,
                        "ff:ff:ff:ff:ff:ff",
                        null
                    ]
                ],